id,nombre,descripcion,fecha,fechaLimite,prioridad,estado
1,Enviar informe mensual,Consolidar ventas y gastos del mes,2026-09-14,2026-09-15,alta,pendiente
2,Reunión con proveedor,Revisar pedido de útiles escolares,2026-09-14,2026-09-16,media,pendiente
3,Revisar pagos pendientes,Verificar recibos de servicios,2026-09-14,2026-09-17,media,pendiente
4,Actualizar inventario,Contar existencias y ajustar cantidades,2026-09-14,2026-09-18,baja,completada
5,Capacitación del personal,Uso del sistema de gestión administrativa,2026-09-14,2026-09-20,media,pendiente
6,Revisar stock de cartulinas y foami,Verificar existencias para temporada escolar,2026-09-14,2026-09-21,alta,pendiente
7,Actualizar lista de precios de papelería,Ajustar márgenes según nuevos costos de insumos,2026-09-14,2026-09-22,media,pendiente
8,Organizar estantes de belleza y hogar,Optimizar espacio disponible en vitrinas B y C,2026-09-14,2026-09-23,baja,pendiente
9,Contactar transportadora de pedidos,Cotizar envíos a domicilio para clientes frecuentes,2026-09-14,2026-09-24,alta,pendiente
